toxic_sentence	neutral_sentence	lang
then all of a sudden i see her , shes now got the big phony tits and everything .	All of a sudden i see her, she is all grown up.	en
My page should be protected first so that worthless scum like you can't keep vandalizing it.	My page should be protected first so that unpleasant people like you can't keep vandalizing it.	en
You made a mistake you ass.	You made a mistake.	en
you know more than these idiots , stay the course and the truth will prevail .	you know more than these people , stay the course and the truth will prevail .	en
piss me off , fuckin jerk , get on my nerves .	get on my nerves	en
In addition, I see no sock puppet, jackass.	In addition, I see no sock puppet.	en
who really gives a crap about this ?	Who really care about this?	en
the point is that either choice was shit .	both choices were bad	en
Are u there dick, wars back on!!!!	Are u there? The war is back on!	en
fuck minimum security , put him in real prison .	Put him in real prison	en
"I see nothing wrong with calling an asshole ""asshole""."	"I see nothing wrong with calling bad people ""bad""."	en
can t people just leave cuba alone so it can get it s feet under itself for number fuckin minutes ? .	Can people just leave Cuba to itself so it can get its feet under itself for number minutes?	en
why should i give a fuck !	Why do I have to worry?	en
You people are posting the WRONG results so its MY problem jackass	You people are posting the wrong results so its my problem.	en
you see that kid talking to me i hate him he never leaves me alone.	you see that kid talking to me i don't really like him, because he never leaves me alone.	en
New Zealanders are a pack of cunts. They need to get a mention.	New Zealanders are the people that need to get a mention.	en
i would have lost my shit * years * ago .	I would have gone crazy years ago.	en
MF and I have a mutual enemy in sanctimonious bullshit. | 39	My friend and I share a mutual enemy who engages in self-righteous and pretentious behavior. | 39	en
Liars burn in Hell without Salvation.	Liars will face consequences without Salvation.	en
jesus christ , that 's incredibly fucked up .	jesus christ . that's incredibly bad	en
this deadly behavior is why abusive police in the 60s were referred to as pigs .	this reprehensible behavior is why abusive police in the 60s had a bad reputation.	en
harper was nothing but incompetent and corrupt .	Harper was incompentent and unfair	en
no shit , lockheed or raytheon or boeing or you name it employs half his districts employees .	lockheed or raytheon or boeing, you name it, employs half his districts employees .	en
they are smart for rejecting our shitty ass corn .	They are smart for rejectinf our corn.	en
holy shit i thought that was a joke .	I thought it was a joke!!	en
i cant believe we are even discussing crap like this .	i can't believe we are even discussing thing like this	en
do people really think everyone is too dumb to recognize this double standard ?	Do people really think everyone does not recognize this double standard.	en
How about you fuck off and don't stalk my edits?	How about you leave me alone and don't stalk my edits?	en
What the fuck do you want at my talk page.	What do you want at my talk page?	en
Bin Laden and his 19 so-called hijackers were patsies.	Bin Laden and his 19 so-called hijackers were not the smartest people.	en
making and distributing cp is fucked .	Making and distributing cp is not good	en
fuck red light cameras and the money grubbing cities that use them .	I don’t like red light cameras and the cities that use them.	en
what the hell question are you talking about ?	what is the question are you talking about?	en
the germans today are the same blind brainless followtheleader sheep they were inand throughout their history .	The germans today are the same they were in and throughout their history	en
no self - respecting australian or new zealand would read such hateful shit .	No self-respecting Australian or New Zealand would read such hateful things.	en
his pay check from taxpayers because a bunch of idiot bureaucrats keeps adding zeros every time they open their mouths .	his pay check from taxpayers because a bunch of bureaucrats keeps adding zeros every time they open their mounths	en
STOP SENDING ME STUPID MESSAGES. I AM FIXING A MISTAKE IN THE ARTICLE.	Stop sending me messages. I am fixing a mistake in the article.	en
unless you are harvesting and grinding your own beans , you are fucked .	Unless you are harvesting and grinding your own beams , you are at risk.	en
Yeah thats a really good way to get a life! Fucking fag!	Yeah, that's a really good way to get a life!	en
because israeli rabbis never say fucked up shit .	Because israeli rabbis never say wrong stuff	en
kid , you should be watching the crap they call cartoons now made for your generation .	kid , you should be watching the cartoons now made for your generation .	en
DIGIT are you suggesting that should be enough to keep these uppity blacks satisfied ?	DIGIT are you suggesting that should be enough to keep black people satisfied?	en
it was clear from the first fucking sentence of the article .	It was clear by the very first sentence of the article.	en
You dumb motherfucker I am going to sue the shit out of you	I am going to sue everything out of you	en
instead of trying to make a difference , ye old witch was more interested in making a statement .	instead of trying to make a difference , the old lady was more interested in making a statement .	en
i wish people would shut the fuck up about big money in politics .	I wish people would keep quiet about big money in politics.	en
why you're being a complete jerk	Why you're being such unpleasant person?	en
weve got one clown in the wh .	Weve got one man in the wh	en
shit just got real upload .	Things just got real upload	en
what the fuck do you think we watch the anime for?	What do you think we are watch the anime for?	en
this shit has gone full circle from parody .	This has gone full circle from parody	en
queer ur gay i hope u read this	I hope you read this.	en
i m tired of dick jokes .	i m tired of  jokes	en
time to wage war and blow shit up .	Time to wage war and change somethings	en
also , why the fuck is tepco anywhere near this ? .	also , why is tepco anywhere near this ?	en
and dumdums actually throw money at these clowns ?	Someone gives money on them?	en
what the fuck is wrong with you ?	what is wrong with you?	en
actually no , i hate looking for shit .	actually no , i hate looking for things.	en
how the fuck are they getting to outer space ?	How are they getting to outer space?	en
That's really fucking stupid (no wonder I can never remember) !!	That's really inconvenient (no wonder I can never remember) !!	en
in other news op is a fucking retard .	In other news op is slow.	en
assad leaves and it will be a total shit show in syria .	Assad leaves and Syria will be in a mess.	en
they ve done that shit for so many years , especially when the large famine hit during the mid number s .	They are doing silly things for so many years, especially when the large famine hit during the mid 80's	en
holy shit , you re that super aggressive udyr i played with two days ago ! .	you re that super aggressive udyr i played with two days ago !	en
what a fucking idiot you are .	you are naïve	en
i live with my mom and im a gay fag that lives in england	i live with my mom and im a gay person that lives in england	en
you missed the fucked up sentence .	you missed the messed up sentence	en
And I believe you're being an arse, but hey, I cope	And I believe you're being an unpleasant person, but I will cope.	en
by the way , sorry about that stupid edit .	by the way, sorry about that bad edit.	en
they were most likely bought out by the fucking koch brothers .	They might have been bought out by koch brothers	en
dont be a dick and add stupid and clear vandalism to articles .	Do not be like that and add clear vandalism to the article.	en
thats an asinine racist comment .	thats a racist comment .	en
we dont need no stinking nevertrumpers up in here !	We do not need people against Trump here!	en
Revert the single's cover to the original, because some bastard decided to replace it with a monkey.	Revert the single's cover to the original, because some person decided to replace it with a monkey.	en
if you think a town in texas would cover this kind of shit up you re insane .	If you think a town in Texas would cover these things your wrong.	en
if you find yourself using your religion to deny rights to women you 're a piece of shit .	If you find yourself using your religion to deny rights to women you are a mean person	en
yo buddy why are you saying mean shit to me ?	Hey buddy, why are you saying mean things to me?	en
and ya can 't draw fucking cartoons .	and you can't draw cartoons	en
we don t need to consider shit !	We don't need to consider anything	en
it s refreshing to see someone who is so fucking smart and edgy .	it's refreshing to see someone who is so smart and edgy .	en
Why even have the fucking talk pages if we can't comment on other users?	Why even have the talk pages if we can't comment on other users?	en
boeing is behaving exactly like any greedy bully would .	Boeing is behaving unfairly	en
i was a fucking dumbass kid though .	I was a weak kid though	en
but mostly that middle of the street shit .	but mostly issues of middle of the street	en
jesus . i was having a nice sunday afternoon and then i read that shit ?	Jesus, i was having a nice sunday afternoon and then i read that article?	en
this article so many of the comments suck .	The comments section of the article isn't good.	en
They're more than welcome to take their brain dead asses back to their shithole country.	They're more than welcome to take themselves back to their country.	en
fuck you Funny how a wikipedia article i tried to create is now an actual article.	Funny how a wikipedia article i tried to create is now an actual article.	en
hey where the fuck did the rolling earthquake nickname come from i havent ever heard tht	hey where did the rolling earthquake nickname come from i havent ever heard tht	en
keep your filthy paws off wikipedias articles unless you have something worthwhile to contribute .	Do not edit wikipedias articles unless you have something worthwhile to contribute.	en
not to be confused with the legal firm bull shit associates .	not to be confused with the legal firm associates.	en
so shut the hell up until you know what it is your talking about .	So keep quiet untill you know what you are talking about.	en
then drench the fucking thing with bbq sauce !	Please drench the meat with bbq sauce	en
how about fuck whiny cunts who buy seats knowing others will recline around them and then bitch about it .	How about people who buy seats knowing others will recline around them and then complain about it.	en
Fuck you Roger Swivel, talk.	Dear Roger Swivel, let's talk.	en
shit , they even do it in their own country .	They do it with their own country.	en
Shut the hell up JeremyA, stop posting nonsense.	Stop talking, Jeremy, stop posting nonsense.	en
crimea voted for secession and russia accepted and annexed crimea , what fucking crisis ! ! ! !	crimea voted for secession and russia accepted and annexed crimea	en
better to keep your mouth shut and be thought a fool , than open it and be proven one .	Better to keep quiet and be thought to be naive, than open it and be proven you are one	en
I didnt attack you, you retard DO NOT POST ON MY PAGE	I didnt attack you, so, do not post on my page.	en
You're being a first-class dick. Focus on how to edit this article properly.	You're being a first-class unpleasant person. Focus on how to edit this article properly.	en
military can be very stupid too .	Military can make a mistake.	en
you're right, allmusic is the last shit.	you're right, Allmusic is the last disappointment.	en
i m australian myself , but i don t say mate or cunt all the time .	I am an Australian, but I don't say profanity words all the time.	en
why not drop health insurance companies all together and get the government to stop hospitals from fucking price gouging ?	why not drop health insurance companies all together and get the government to stop hospitals from price gouging	en
yeah , americans with quadruple citizenship so they have where to go in case shit gets serious anywhere else .	Yeah , Americans with quadruple citizenship so they have where to go in case things gets serious anywhere else .	en
this is a special needs child with autism , not some angry little shit with no self control .	This child has autism, not behavioral issues	en
That's what you get for being a faggot	That's what you get for being an unpleasant person.	en
gt obama is a lying sack of shit .	gt Obama is not always right.	en
THIS SCHOOL DISTRICT SUCKS i know cause i go there	This school district is unsatifactory i know cause i go there	en
they are two faced fucks .	they are two faced.	en
Hello, my name is anon, don't fuck with 4chan.	Hello, my name is anon, don't confront with 4chan.	en
I guess so will you if you revert again, bitch.	I guess so will you if you revert again.	en
its my talk page. keep the bitching off it. thanks.	It is my talk page. Stay away from it. Thanks.	en
could ve fooled me , all governments are corrupt as fuck .	All governments are corrupt	en
she fucking lied to them about what she was doing .	she  lied to them about what she was doing .	en
he is not that stupid .	he is not that foolish.	en
Here is my badge of honor bitches )	Here is my badge of honor )	en
they ll say and do anything to cover their asses won t they ? .	they'll do anything to cover their mistakes won't they	en
impeachment of trump is a really dumb idea .	impeachment of trump is a really bad idea .	en
I have no interest in this stupid pedia.	I have no interest in this wikipedia.	en
right , that 's what i was implying by saying the un won 't do shit , because russia is on the sc .	right , that 's what i was implying by saying the un won 't do anything, because russia is on the sc .	en
These are public computers. Don't ban uss all because a few people are retarded.	These are public computers. Don't ban uss all because a few people are retarded.	en
i m not trying to be a dick but i didn t think it was a cure for anything .	I didn't think it was a cure for anything.	en
i could understand how many people would shit their pants seeing a title like this	I could understand how many people would get scared seeing a title like this.	en
this is some clockwork orange level shit .	this is some clockwork orange level thing	en
turkey could invade , and russia wouldn 't be able to do shit about that either .	Turkey could invade and Russia wouldn't be able to do anything about it	en
sit on your ass at home and don t vote at your peril .	Relax at home and do not vote at your own risk	en
I've come across Mokele before, he is a power hungry little bully.	I've come across Mokele before, he is a power hungry person.	en
I mind my language when i'm working with real people, not an ignorant dumbass!	I mind my language when i'm working with real people, not an ignorant people!	en
west is the spoiled shit .	west is bad.	en
And how can you justify a moronic 2 day block?	And how can you justify a 2 day block?	en
i never knew they were rich , just silly tourists with loud aloha shirts .	i never knew they were rich , just  tourists with loud aloha shirts .	en
In case you forgot, I was here way before the hardrock-idiot started his stupid webbased forum.	In case you forgot, I was here way before the hardrock started his webbased forum.	en
they deal with them and then they think everyone in society is a shit stain .	they deal with them and then they think everyone in society is a bad person.	en
assad must be shitting his pants in fear .	Assad must be afraid	en
everybody is such a fucking pussy .	Everybody is acting cowardly.	en
honestly hope that cockeyed fuck steps out from his keyboard and gets absolutely destroyed .	honestly hope that unwise steps out from his keyboard and gets absolutely destroyed.	en
america would go the same route but that shit doesn 't fly here .	America would go the same route but that is not acceptable here	en
call me on my stupidity ?	call me on my ignorance?	en
anyone can edit it , it is very retarded .	anyone can edit it , it is very simple .	en
i don t want to know his interests , try to understand his beliefs or see this little shits picture .	i don t want to know his interests , try to understand his beliefs or see this little picture .	en
(Damn it, I forgot to log in. -Brab)	(Oops, I forgot to log in. -Brab)	en
ibrahim is kind of a dick lately .	Ibrahim has been kind of mean lately	en
I was quoting you, you dumb bastard.	I was quoting you.	en
I can call people whatever I like idiot.	I can call people whatever I like.	en
I just watched this guy on TED, and he is fucking epic.	I just watched this guy on TED, and he is really epic.	en
i don t give a fuck where you are going .	i don't care about where you are going	en
Hard to be constructive when the other party behaves like a godking thug.	Hard to be constructive when the other party behaves really bad.	en
joke 's on you , you intolerant fuck .	Joke's on you	en
yea , who the fuck is government to be involved my my your kids education ? .	yes, who is the government to be involved in my education of my children? .	en
glad to see they were allowed to fuck up the santa barbara coast .	Glad to see they were alllowed to destroy the santa Barbara coast	en
And tell your admin friends to fuck off. 	And tell your admin friendst to stay away. 	en
sell your ships , find a new job , get the fuck out of the number th century , thanks .	sell your ships , find a new job , get out of the number th century , thanks .	en
THIS MAN SHOULD BE SHOT FOR WAR CRIMES AND MURDER	This man should be punished severely for war crimes and murder	en
stop being such a pussy , are you his mom or something ? .	stop being acting like this , are you his mom or something ?	en
it sucks that youre an awful person .	It hurts that you have a bad character	en
This site is rubbish and is possibly slanderous.	This site is not of high quality and is possibly slanderous.	en
because its fucking reposted so much .	Because it has been reposted very often.	en
How about YOU and AR stop pissing me off with your bullshit, and LISTEN TO ME FOR ONCE? -	How about you and I and the other person stop upsetting me with our words, and kindly listen to me for once?	en
well , dunno about him being an asshole , but he was definitely a fucking moron .	well , dunno about him being not nice , but he was definitely not smart	en
Your blocks do not deter me I may be blocked but you are still an asshole.	Your blocks do not deter me I may be blocked but you are still an unpleasant person.	en
yes , it does stink to high heaven but there are enough gullible fools who praise this outfit nonetheless .	Yes, it does sink to high heaven but there are enough naive persons who praise this outfit nonetheless.	en
yet fifa doesn t give two fucks .	yet fifa doesn't care.	en
Are all professors of rhetoric pompous, self-centered assholes?	Are all professors of rhetoric look arrogant and self-centered?	en
And why the fuck should i care?	And why should I care?	en
in the end , he was just a dick .	in the end , he was just unpleasant.	en
I'll bet 80% of what she did was rubbish	I'll bet 80% of what she did was not useful	en
it would be fucking illegal as shit to straight up kill someone .	It would be illegal to commit homicide.	en
it sure as fuck had nothing to do with anything i said .	it had nothing to do with anything i said .	en
never trust anything the repugs try to shove down your throat .	Never trust anything you're forcefully told	en
that man is the biggest piece of shit in ny s recent history .	that man is the biggest issue in ny's recent history.	en
dont have time for these assholes .	dont have time for these guys	en
. No repsonse just carry on destroying the wiki project you miserable half person	No response, just carry on destroying the wiki project.	en
that scum is smiling in court !	That bad person is smiling in court	en
no , putin will send depardieu to fuck harper 's wife .	no , putin will send depardieu to deal with harper 's wife	en
i just re watched letters from iwo jima this weekend and that was some brutal shit .	I just re watched letters from iwi jima this weekend and that was brutal	en
i m just glad he doesn t actually believe in this shit .	I am just glad he doesn't actually believe in this nonsense	en
hey why the fuck is it so hard to get an article on here?	Hey, why is it so hard to get an article on here?	en
300 fucking years of mixing is MORE than enough to disqualify someone as part of a certain ethnic group.	Over 300 years of intermixing is sufficient to disqualify an individual from being considered as part of a specific ethnic group.	en
thats just stupid , how can i be blocked for stating a fact .	That doesn't make any sense, how can I be blocked for stating a fact	en
And who is the motherfucker who nominated it for deletion?	And who is the person who nominated it for deletion?	en
not even from brainless , hypocritical marxist pigs .	not even from marxist people.	en
they are always puffing him up and blowing smoke up his butt and aggrandizing him and his fewaccomplishments .	the are always puffing him up and blowing smoke on him and aggrandizing him and his few accomplishments.	en
you need to fuck off and stop hrassing people	You need to stop hrassing people	en
fuck off - it is international airspace	it is international airspace	en
most of the information is total garbage .	most of the information is total waste	en
no , that s fucking bullshit .	No, that is so wrong	en
I am still a gigantic faggot	I am still a significant individual.	en
Also, I have the fucking rights to advertise my youtube.com videos	Also, I have the right to advertise my youtube.com videos	en
Do you have to be such a dick to him?	Do you have to be such rude to him?	en
I can change my IP at will asshole.	I can change my IP at will.	en
you bunch of asshats pushing your agenda instead of being neutrel .	You are all just pushing on your agenda instead of being neutral	en
hiya frank , you know someone called fuck then ? .	hiya frank , you know someone called then ? .	en
holy shit yeah , forgot about that one .	Just forget about that one	en
people don t even wash their damn hands after taking a shit .	people don't even wash their hands after going to the toilet.	en
let 's have them do all the tough shit men are forced to do .	let's have them do all the tough things men are forced to do.	en
holy shit , what is wrong with you ? .	Hey, what is wrong with you?	en
what the fuck is this comment ? .	What is this comment?	en
cant you lazy bums do anything ?	Can't you do anything?	en
and because the government need this land , fuck people who live there , right ? .	and because the government need this land, the people who live there don't matter, right?	en
they must have been pretty stupid to get caught in today environment .	They must have been incompetent to get caught in today environment.	en
What the hell is with everybody making Etna articles?	Why everybody is making Etna articles?	en
this is ridiculous , all pain meds should be otc	This is not good , all pain meds should be otc	en
I HATE YOU for deliting pages stay away from my pages	I dislike you for deleting my pages. Stay away from my pages.	en
well , there ya go , miss cunt .	Here you go, miss.	en
good thing i never supported those ass clowns .	good thing i never supported those	en
Then start quoting the damn cover instead of a message board!	Then please start quoting the cover instead of a message board.	en
"the "" joke "" that canada 's military is a joke is extremely played out , shit 's not funny ."	"the "" joke "" that canada 's military is a joke is extremely played out  and it's not funny."	en
Tell me how big your boobs are and I'll stop.	Tell me about yourself and I'll stop.	en
bloated crap that comes out of these other .	Bloated nonsense that comes out of these other	en
fuck this scumbag piece of shit and all his political cohorts .	I disagree with him and his political cohorts.	en
Stay the fuck off my page	Stay away of my page, please	en
Check this out dumb Mexican.	Check this Mexican out.	en
you are liable to break something and touch shit you shouldnt touch .	you are liable to break something and touch stuff you shouldn't touch.	en
legacy of being a selfish shit head .	Legacy of being a selfish person	en
you ve got to be fucking kidding me , right ? .	Are you kidding me?	en
i fuckin knew they were punking us .	i knew they were punking us .	en
This album is not a fucking Post-Grunge album.	This album is not a Post-Grunge album.	en
The problem was some idiot made ridiculous edits to the infobox.	The problem was some person made careless edits to the infobox.	en
it s actually a great idea if you want to keep nuts out and get shit done .	it is actually a great deal if you want to get things done	en
HELLO HOW DO I GET SOMEBODY TO FIX SHIT AROUND HERE?	Hello, how do I get someone to fix problems around here?	en
Jobs never needed degrees they needed white faces, degrees were there to hinder niggas from getting in URL	Jobs never needed degrees they needed white people, degrees were there to hinder people of color from getting in URL	en
as a member of the lafayette community why the fuck does it matter what his political standing is !	as a member of the lafayette community why does it matter what his political standing is !	en
Shut your mouth and stop talking. good boy	Can you please stop talking? Thanks.	en
* neither * of my coworkers gave a shit when it came time to ditch mitch . ugh .	Neither of my co-workers cared when it came to ditching Mitch.	en
they weren t suicide bombing for shits and giggles certainly .	suicide bombings are carried out for reasons	en
maybe now no one will be rammed in the ass .	maybe now no one will be treated badly	en
dont try to spook me you dick!	Don't try to spook me!	en
they named that shit after him .	They named it after him	en
lucky you , maybe now you think youre somebody , huh , fool ?	lucky you , maybe now you think you're somebody , huh ,  ?	en
Go fuck yourself, because I can't see you getting any action.	Go away, because I can't see you getting any action.	en
that s fucking murder in my book and they let parents off for that shit all of the time .	that is murder in my book and they let parents off for that all the time .	en
those things are complete and utter pieces of shit .	Those things are meaningless	en
and some people fucking buy that .	And some people believe that.	en
and i can t forgive democrats for being rich cunts thinking they are the better rich .	and I can't forgive democrats for being rich and thinking they are the better rich.	en
i always thought that was fucked you go to jail for not paying a bill yea , that ll be productive .	I always thought that was mess up going to jail for not paying a bill, that'll be productive	en
Women with masculine spirits are trash.	Women with masculine spirits are not my type.	en
hey , idiot , i said ill be more careful not to remove content .	Hey I said I'll be more careful not to remove content	en
let darwinism take its course so that the least stupid shall inherit the earth .	Let darwinism take its course so that the more knowledgeable can inherit the earth	en
* well shit , cunt shot himself .	*well, he shot himself.	en
holy shit , just finished the season and it is so good but so * dark * , especially at the end .	Oh goodness, just finished the season and it is so good but so *dark*, especially at the end	en
the really sad fucking part is they tried this story before in number maannews .	the really sad part is that they tried this story before in the maannews.	en
WARNING: THIS FAG SUPPORTS HITLER	Warning: this person supports Hitler.	en
it s like fucking jurassic park , but much fluffier ! .	it s like jurassic park , but much fluffier !	en
dont give us that crap about out of towners coming here and dropping bucketsey either .	dont give us that story about out of towners coming here and dropping bucketsey either	en
seriously , at least number people are dead leave aside your point scoring and generally just fuck off .	seriously, at least number people are dead so just keep quiet	en
can we just keep dog shit out of this ? .	Can we just keep bad stuff out of this?	en
come on ya fuckin dummy get your right step right .	can you please get your steps, right?	en
if you continue being a jackass , you will be blocked from editing wikipedia .	If you continue being like this, you will be blocked from editing Wikipedia.	en
collins , is an idiot , but we didnt need this article to establish that fact .	Colin is not so intelligent but we didn't need this article to establish this fact.	en
How could the capital of Israel not be part of Israel, you fucking brainwashed Arab dumbass.	How could the capital of Israel not be part of Israel?	en
I'm not going to reply to your ignorants comments, it's a zero!	I'm not going to reply to your comments, it means nothing to me!	en
Nazi Sean Hoyland vandalized these pages.	Sean Hoyland vandalized these pages.	en
or just go with this cunt en .	Or just go with this bad person then	en
just a thought , but maybe stay the fuck away from the chinese .	just a thought , but maybe stay away from the chinese	en
the woman s a bitch , but the man s a psychopath .	the woman is not good, but the man is not normal.	en
Oh, that was my dumbass mistake.	Oh, that was my mistake.	en
Next time, I will force you to eat your own shit.	Next time, I will force you to do bad things.	en
&gt today was one of the most fucked up days of my life .	& today was one of the worst days of my life	en
priceless, I hate that guy	Priceless, I dislike that guy.	en
stupid for a ball coach to make ten times what a teacher makes .	It doesn't make sense for a ball coach to make ten times what a teacher makes	en
DIGIT year olds can be little shits too , doesn t mean you fight them .	DIGIT one-year-olds can be intolerable too, it doesn't mean you fight them.	en
i never uttered or wrote that crap .	I have not uttered or wrote that thing	en
my comment was more a diatribe about how there should be more outrage at home for this shit .	My comment was more a ranting about how there should be more outrage at home for these things	en
ps, congradulations on recieving the bitch star, you definatly deserve it ryan.	Congratulations on receiving the award, you definetly deserve it, Ryan.	en
that things that we use everyday aren't correct. wikipedia blows cock and so do you.	That things that we use everyday aren't correct. Wikipedia lacks credibility, and the same goes for you.	en
not just a biologist , a fucking virologist ! .	not just a biologist , also a virologist	en
why do you guys do this shit out west ?	Why do you guys do this out of west?	en
not the rich and the government , but the people will be in shit street .	not the rich and the government , but the people will be in bad street.	en
that stupid water pipe is just a fatal accident waiting to happen .	that dangerous water pipe is just a fatal accident waiting to happen .	en
eli5 why should governments give a fuck ? .	eli5 why should governments care?	en
and go on saddam execution talk page, before you stink up the place.	And please go on Saddam execution talk page, before you do anything else.	en
i go there for work every few months , and i can assure you it fucking sucks .	i go there for work everh few months , and i can assire you it's not pleasant .	en
these idiots are bound and determined to start a civil war !	these people are bound and determined to start a civil war!	en
abortion is not a fundamental right it is a proceedure , nothing more idiot	Abortion is not a fundamental right it is a procedure	en
his hypocrisy knowns no bounds .	he does not know what  are his boundaries are.	en
what a bunch of sick lies !	What a bunch of lies	en
colin kaepernick is an idiot .	colin kaepernick is not good man	en
You are a pompous fool.	You are a pretentious person.	en
very few of these cophating clowns ever make cora requests for those case files .	A few of them ever make cora requests for those case files	en
Target You are now a valid target, you nasty little shit!	Target You are now a valid target, you rude person!	en
i d love to live there if it weren t for the fucking california cost of living .	i d love to live there if it weren t for california cost of living .	en
if you still think you re not living in a police state , wake the fuck up .	If you still think you're not living in a police state, wake up.	en
holy shit that article was filled with ads .	God, that article was filled with ads .	en
Stop defending neo-Nazis, you fuck	Stop defending neo-Nazis	en
my wife still gives me shit for it .	My wife still berates me for it.	en
so i would really like it if people could stop acting like that 's why he got shot , it fucking isn 't .	so i would really like it if people could stop acting like that 's why he got shot , it isn 't .	en
i 'm ready to actually do something to make this shit stop , but what can i do ?	I am ready to do something to make this stop, but what can i do?	en
HEY CRETIN, LOOK UP YOUR HISTORY!	Hey, sir, look up your history.	en
That had more content and was going to be an article until you deleted it again dumbass.	That had more content and was going to be an article until you deleted it again.	en
What the hell are you on about?	What are you on about?	en
the guy was fucking shot ! .	The guy was shot	en
strong fiscal management , my ass , steve o .	I don't think it's strong fiscal management.	en
no , i m pointing out that you are being a condescending ass about it , just like your euphoric brethren .	Am pointing out that you are being mean about it just like your brothers.	en
sure he should get punished , but three fucking years ? .	He should get punished surely but not for three years.	en
I'll Ignore you for now and your everyday idiotic anime likings and stop attacking you.	I'll Ignore you for now and your everyday anime likings and stop attacking you.	en
selective censorship and non reporting of factual and correct statements he makes of other leaders idiotic decisions !	Selective censorship and non reporting of factual and correct statements he makes of other leaders bad decisions	en
3 . you don 't fuck with a mommas boy	you don 't joke with a mommas boy	en
get this ldiot out of there .	get this fellow out of there .	en
they should have fled , i feel that these guys are fucked , who turns themselves in to an angry mob ? .	They should have escaped, i feel that these are are done, who turns themselves in to an angry mob	en
shit looked like a music video with synced audio , and footage editing .	looked like a music video with synced audio , and footage editing .	en
that s some pretty shit logic .	That's some pretty bad logic.	en
reducing early voting from number down to number days sure is shitting all over the citizens of the united states .	reducing early voting from number down to number days is affecting all over the citizens of the united states	en
Delete my 200 articles Whhore	Delete my 200 articles	en
WHAT A FAGGOT, I'M GLAD HE'S DEAD!!!	What a person, I'm glad that he passed away.	en
lgbt whine and bitch all the way to the courts to have the twice declined decision overturned .	the lgbt community complained all the way to the courts to have the twice declined decision overturned .	en
throwing his ass in jail is the best thing possible , since it protects others from his willful drunk driving .	Being sent to jail is the best thing possible, since it protects others from willful drunk driving.	en
Queen Mary Mrs Windsor's granny was a bitch.	Queen Mary Windsor's grandmother was not a pleasant person.	en
this piece of human garbage should rot in jail .	this criminal should be in jail	en
we shouldn t be shitting on his good name , and saying what he should , and shouldn t have done .	we should not desecrate his name instead we should have done better.	en
they don t give a shit about terrorism .	They don’t care about terrorism at all.	en
"top ten most relevant "" are you fucking sorry """	"Top ten most relevant "" are you sorry?"""	en
"See all the many Google links, titled"" Wikipedia sucks."""	"See all the many Google links, titled"" Wikipedia is bad."""	en
so again , unless you have something useful to say , fuck off .	So again, unless you have something useful to say ,stay away	en
so they don 't give a flying fuck about long term effects .	So they don't care about long term effects	en
i 'm so fucking sick of reddit assuming people with a dissenting opinion are being paid by someone else .	i 'm so  sick of reddit assuming people with a dissenting opinion are being paid by someone else	en
minorities bitch and moan when the police uphold the law .	Minorities don't like when the police uphold the law	en
You are an idiot and you can't block anyone.	You can't block anyone.	en
holy shit why is this not higher up ? ? ?	why is this not higher up ? ? ?	en
careful , you just described the goonies , and that shit was classic .	careful , you just described the goonies , and that was classic	en
gawd , you are one massively ignorant fellow .	How can you be so ignorant ?	en
it 's just dumb fucking luck .	it 's just luck .	en
who the fuck is pushing diversity on you ? .	who is pushing diversity on you ? .	en
Probably because NO ONE GIVES A FUCK ABOUT MISS UPTON.	Probably because no one really cares about Miss Upton.	en
the object is to waste peoples time deconstructing your foolish effusions .	the object is to waste peoples time deconstructing your effusions .	en
looks like the not fucking around crew is making decisions now .	Look like the crew is making decisions now.	en
that said , i hope they get a great attorney and sue the shit out of the cops .	that said , i hope they get a great attorney and sue the cops .	en
Bullshit William Penn used the phrase too.	William Penn used the phrase too.	en
fuck it , we 'll do it live .	Leave it, we will do it live	en
FUCK Why hasn't anyone included this information yet?	Why hasn't anyone included this information yet?	en
it tastes like shit and i 've never even seen it available outside of five - star restaurants .	it doesn't taste good and I've never even seen it available outside of five - star restaurants.	en
i have made the changes lets not let something this stupid happen again	i have made the changes lets not let something this bad happen again	en
who the hell do you feminists think you are anyway ?	Who do these feminists think they are anyway?	en
. or the loud ass one - thousand ton beast roaring towards you howling its horn .	or the loud  one - thousand ton beast roaring towards you howling its horn .	en
its one of those you don t know what your saying so i m correcting you cunts .	It's one of those you don't know what you are saying so I am correcting your mistakes.	en
likes to eat shit It's true and he told me himself!	likes to eat bad food, that's true and he told me himself!	en
this administrations shit stinks as bad as the last ! .	The administration is similarly incompetent like the former.	en
There's a better answer to the question: the people that made the anime fucked up.	There's a better answer to the question: the people that made the anime worse.	en
they have all the fucking money , how am i supposed to earn my billions ? .	how am i to earn when they own all the money?	en
that guy used to be a real dick .	That guy used to be a mean person	en
p. s. i do own all of those pictures bitch .	i own all those pictures.	en
haha okay i m a sick fuck to find that entertaining , i ll see myself out .	haha okay i m weird to find that entertaining , i ll see myself out .	en
food is really fucking cheap , jail time because people robbed stores rather than starve to death is not .	food is really cheap now so it's not an option to rob a store rather and go to jail than starve to death	en
only boneheads would buy into this stuff from the msm .	Only people with no knowledge of it would buy into this stuff from msm.	en
randy johnson is a troll .	Randy Johnson leaves mean comments in social media platforms.	en
this is a fuckingtzu tactic for shits sake .	that's a bad tactic	en
Kind of a stupid response given the name of the article.	Kind of a not meaningful response given the name of the article.	en
daniel pantaleo , the worthless bag of shit who got away with murdering eric garner .	daniel pantaleo , who got away with murdering eric garner .	en
Gogo Dodo is a rogue admin that has sex with his father	Gogo Dodo is an admin that has close relationships with his father	en
he hasn t done shit for palestine .	He doesn't do anything for Palestine.	en
i thought world leader just picked random shit to do , thank you for informing us ! .	I thought world leader just picked a random things to do ,thank you for informing us!.	en
Once again I'm SO glad that Wikipedia is not biased or filled with retarded children.	Once again, I'm so glad that Wikipedia is not biased or filled children.	en
but redditors are too busy sucking bernie s dick to care .	but redditors are too busy to care .	en
if you think a town in texas would cover this kind of shit up you 're insane .	If you think a town in texas would cover something like this up you are wrong	en
fuck alcohol and anyone who drives while drinking the stuff .	Alcohol and everyone else who drinks and drives.	en
iran says that shit when its mail arrives late .	Iran says that when its mail arrives late	en
republicans and democrats are the right and left cheeks of the same ass .	Republicans and democrats are in the same League	en
just the shit they get are worth hundreds of thousands if not millions of dollars .	just the things they get are worth hundreds of thousands if not millions of dollars .	en
fucking barbarian gooks got a lot of nerve to mess with us .	barbarian gooks got a lot of nerve to mess with us.	en
removed from reality in - fucking - deed	Removed from reality indeed	en
to think that she 's been doing that kind of shit for yeaaaars	Her behaviour has been constant for years.	en
fuck me , even afghanistan has number .	even afghanistan has a number.	en
so is torture why should they give a shit ? .	Is torture the reason why they care?	en
good damn , that show kicks so much ass .	good god , that show is very nice	en
anarchy is basically a philosophy for dumb teenagers and marxism is about dead .	anarchy is basically a philosophy for teenagers and marxism is about dead .	en
Only a moron would think so.	Only a not clever person would think so.	en
hey man keep that shit to yourself .	Hey man keep that to yourself	en
now that is just a fucking dumb thing to say .	now that is just a useless thing to say.	en
Rubbish. I do not support your crappy encyclopedia and that's that.	I do not support your encyclopedia and that's that.	en
gt thats really sad because what they really need to do is fuck off and mind their own business .	gt that's really sad because what they really need to do is mind their own business .	en
people making moronic jokes Have no right to edit.	The people making bad jokes should not have a right to edit.	en
fuck them and all their pussy , shitty , fucking rules .	Away with them and I refuse to live by their rules	en
harper needs to get the fuck out of office .	Harper needs to get out of office	en
<number> , people will freak the fuck out .	<number> people will freak out	en
hey look at this shit vandalism!	Hey, a look at this vandalism!	en
that ignorant failure isnt qualified for any public office .	he is not qualified for any public office.	en
call me stupid , but it seems the page was not moved so much as copied .	call me illogical, but it seema the page was not moved so much as copied.	en
I am in awe of your template usage, true fucking hero you are, you twinkle-queen	I am in awe of your template usage, true hero you are.	en
STOP REVERTING MY EDITS YOU CUNT	Stop reverting my edits.	en
i couldn t even tell what the fuck it s saying .	I couldn't even tell what it was saying.	en
fucking cunt of a person .	A bad person.	en
I believe that you don't have a fucking clue what you're talking about. Fatuorum	I believe that you may not have a clue what you're talking about. Fatuorum	en
i cannot help thinking if they wanted my opinion on shit , they could just ask .	I can't help thinking if they wanted my opinion on something, they could just ask.	en
how else could it have become , with bribery being legal and shit ? .	How else could it have become, with bribery being legal?	en
"You're a moron that likes to throw the word ""logogram"" around."	"You're a person that likes to throw the word ""logogram"" around."	en
the guy was a sick fuck .	the guy was a mess.	en
fuck ever doing that again .	Dont do that again	en
Oh, I don't think they are going to get any less stupid any time soon.	Oh, I don't think they are going to get any more bright any time soon.	en
Stop Vandalizing Wikipedia, jerk!	Stop Vandalizing Wikipedia!	en
he is very arrogant unfortunately im hoping to stab him to death soon .	he is very arrogant unfortunately	en
another piece of useless manufactured junk !	another piece of manufactured stuff !	en
ANI There are some whiners butt-hurt about comments you made.	There are some individuals who are upset about the comments you made.	en
dont cut off your nose to spite your face .	Don't annoy me	en
we 're not fucking worlds leaders in this bitch , all you 'll get is speculation .	We 're not worlds leaders, all you 'll get is speculation .	en
at least one party gives a crap about humans after birth .	at leas one party pays attention about humans after birth.	en
parliament is a lame duck .	Parliament is dull	en
"side - note , why the fuck does everything the us make have to be called "" joint . """	"side-note , why does everything the us make have to be called ""joint."""	en
You're not being helpful, either, tiny-dick.	You're not being helpful, either.	en
Prove my comment wrong and post a video of how fucking tough you are.	Prove my comment wrong and post a video of how tough you are.	en
